{
  "mass":0.892,
  "centerOfMass":[-0.00818386, 0, 0.04376637],
  "transformation":[0.7071,-0.7071,0,0,0.7071,0.7071,0,0,0,0,1,0,0,0,0.1506914,1],
  "inertia":[0.00275908,0,0.00007499,0,0.00489839,-0.00001602,0.00007499,-0.00001602,0.00258184]
}
